LeftIndex	RightIndex	ReadLength	AvgEEPerPosition
0	201	201	0.00025149061996092216
0	202	202	0.0002525037876296975
0	203	203	0.0002531623874528494
0	204	204	0.00025375036528248743
0	205	205	0.00025423418512784474
0	206	206	0.0002548305652595385
0	207	207	0.0002552104236102124
0	208	208	0.0002557104139027437
0	209	209	0.00025643823075382534
0	210	210	0.0002572151459575957
0	211	211	0.0002578992138993802
0	212	212	0.0002585711183819649
0	213	213	0.0002594194375817549
0	214	214	0.00026020494069441537
0	215	215	0.0002609023702344553
0	216	216	0.0002616218888938578
0	217	217	0.00026221001043832254
0	218	218	0.0002625694590937659
0	219	219	0.0002629894548106517
0	220	220	0.000263504569298493
0	221	221	0.00026404365457688965
0	222	222	0.0002646095790213315
0	223	223	0.000265564143484124
0	224	224	0.00026630768410121987
0	225	225	0.000267036397276722
0	226	226	0.0002680833392602811
0	227	227	0.0002690089958297699
0	228	228	0.00026978728486856137
0	229	229	0.00027058571963564724
0	230	230	0.00027125418848098154
0	231	231	0.00027241629881586527
0	232	232	0.00027421981256308536
0	233	233	0.0002766177332765321
1	201	200	0.0002500246242425787
1	202	201	0.00025105012605755866
1	203	202	0.00025171918262029114
1	204	203	0.0002523171662758513
1	205	204	0.0002528103832724439
1	206	205	0.00025341661795041617
1	207	206	0.0002538051840955551
1	208	207	0.00025431437839681676
1	209	208	0.00025505240607653787
1	210	209	0.0002558396693180167
1	211	210	0.0002565335446149505
1	212	211	0.0002572151058452462
1	213	212	0.0002580738228362461
1	214	213	0.000258869331197067
1	215	214	0.00025957626091952467
1	216	215	0.00026030529412764494
1	217	216	0.00026090223380317764
1	218	217	0.00026126936552447626
1	219	218	0.00026169725155918854
1	220	219	0.00026222061863944677
1	221	220	0.0002627679904448318
1	222	221	0.0002633422478692578
1	223	222	0.000264306820870856
1	224	223	0.0002650593339688055
1	225	224	0.0002657968733197894
1	226	225	0.0002668539773741952
1	227	226	0.00026778916942357586
1	228	227	0.00026857626073305014
1	229	228	0.00026938350891637545
1	230	229	0.00027006014666810537
1	231	230	0.000271232501142762
1	232	231	0.00027304894697405274
1	233	232	0.00027546225038707915
2	201	199	0.00024850482888529393
2	202	200	0.0002495430571861352
2	203	201	0.000250222940243565
2	204	202	0.0002508312913547305
2	205	203	0.0002513342575725927
2	206	204	0.0002519506998994758
2	207	205	0.00025234831230898586
2	208	206	0.0002528670506203826
2	209	207	0.0002536156355728388
2	210	208	0.00025441359128424633
2	211	209	0.0002551176098985519
2	212	210	0.00025580915920478425
2	213	211	0.00025667860919877686
2	214	212	0.00025748445115392936
2	215	213	0.0002582012015795119
2	216	214	0.00025894006699580103
2	217	215	0.0002595461330285773
2	218	216	0.0002599212426780977
2	219	217	0.0002603573130855339
2	220	218	0.0002608892274389752
2	221	219	0.000261445178070871
2	222	220	0.0002620280585398351
2	223	221	0.00026300294268320263
2	224	222	0.0002637647188049612
2	225	223	0.00026451137095646004
2	226	224	0.00026557893307523067
2	227	225	0.00026652394839727067
2	228	226	0.0002673201207347793
2	229	227	0.0002681364587338826
2	230	228	0.0002688215337133942
2	231	229	0.0002700044164301005
2	232	230	0.00027183409935071276
2	233	231	0.0002742631090452819
3	201	198	0.0002470313628254831
3	202	199	0.00024808221270602613
3	203	200	0.0002487727994011436
3	204	201	0.0002493913917658096
3	205	202	0.00024990397613123004
3	206	203	0.000250530500841208
3	207	204	0.00025093702409124637
3	208	205	0.00025146517716619993
3	209	206	0.00025222420123713487
3	210	207	0.0002530327337120551
3	211	208	0.00025374677576956497
3	212	209	0.0002544481929391237
3	213	210	0.0002553282639629242
3	214	211	0.0002561443248147165
3	215	212	0.0002568707774891896
3	216	213	0.0002576193578796882
3	217	214	0.0002582344275346555
3	218	215	0.0002586173828360059
3	219	216	0.0002590615084760788
3	220	217	0.0002596018454975519
3	221	218	0.0002601662517834537
3	222	219	0.0002607576336531319
3	223	220	0.0002617427237466361
3	224	221	0.0002625136491673011
3	225	222	0.00026326930006559797
3	226	223	0.00026434721928306654
3	227	224	0.0002653019521457949
3	228	225	0.00026610709412147685
3	229	226	0.00026693241161001555
3	230	227	0.0002676258087133306
3	231	228	0.0002688191239200227
3	232	229	0.00027066197267221003
3	233	230	0.0002731066394814447
4	201	197	0.00024534656257270215
4	202	198	0.00024641122886805996
4	203	199	0.0002471136827517859
4	204	200	0.00024774366366152204
4	205	201	0.00024826699585017486
4	206	202	0.0002489047260304055
4	207	203	0.00024932126060094056
4	208	204	0.0002498599230708218
4	209	205	0.00025063048020598273
4	210	206	0.0002514506741056897
4	211	207	0.00025217580844176903
4	212	208	0.0002528881505367958
4	213	209	0.00025377989674445336
4	214	210	0.0002546072167775326
4	215	211	0.00025534439722789035
4	216	212	0.0002561037085648597
4	217	213	0.0002567287815952721
4	218	214	0.00025712056213606513
4	219	215	0.0002575737154335334
4	220	216	0.00025812344194604364
4	221	217	0.000258697262102164
4	222	218	0.0002592980952174888
4	223	219	0.0002602943479983407
4	224	220	0.0002610753611515919
4	225	221	0.0002618409393752915
4	226	222	0.0002629301481418942
4	227	223	0.0002638955168970167
4	228	224	0.0002647105319853079
4	229	225	0.00026554572449440084
4	230	226	0.000266248325510189
4	231	227	0.0002674529658200081
4	232	228	0.0002693098891636525
4	233	229	0.000271771135668598
5	201	196	0.00024337614740655385
5	202	197	0.0002444562202067924
5	203	198	0.0002451720956185234
5	204	199	0.00024581499898073685
5	205	200	0.00024635059115373685
5	206	201	0.0002470010284726574
5	207	202	0.00024742904934085727
5	208	203	0.00024797968655817674
5	209	204	0.00024876323777984653
5	210	205	0.00024959654112504537
5	211	206	0.00025033419617625445
5	212	207	0.000251058876215052
5	213	208	0.0002519637042521778
5	214	209	0.00025280367267054585
5	215	210	0.0002535529518092719
5	216	211	0.00025432435204081745
5	217	212	0.00025496076672007164
5	218	213	0.0002553626871454468
5	219	214	0.00025582617235080335
5	220	215	0.0002563865838381752
5	221	216	0.00025697110157885095
5	222	217	0.00025758265816716494
5	223	218	0.00025859134989219656
5	224	219	0.00025938370556261394
5	225	220	0.0002601604530309166
5	226	221	0.0002612621943545825
5	227	222	0.0002622394249229593
5	228	223	0.0002630655212088394
5	229	224	0.00026391178605402865
5	230	225	0.000264624771689622
5	231	226	0.0002658419261327614
5	232	227	0.0002677141268465859
5	233	228	0.00027019316724987357
6	201	195	0.0002426054706120934
6	202	196	0.0002436949860123049
6	203	197	0.00024441835944234155
6	204	198	0.0002450683165395974
6	205	199	0.0002456103523036233
6	206	200	0.00024626774300338895
6	207	201	0.0002467015415150588
6	208	202	0.00024725850618308686
6	209	203	0.0002480494698756766
6	210	204	0.0002488903569034704
6	211	205	0.0002496350550730833
6	212	206	0.00025036664686499714
6	213	207	0.0002512791901552012
6	214	208	0.0002521264878164315
6	215	209	0.0002528825921417261
6	216	210	0.00025366085789660066
6	217	211	0.0002543034332811794
6	218	212	0.00025471035018704636
6	219	213	0.0002551790739941107
6	220	214	0.0002557451280508473
6	221	215	0.0002563353479939789
6	222	216	0.000256952679166428
6	223	217	0.00025796892236945856
6	224	218	0.0002587677678710372
6	225	219	0.00025955087463230733
6	226	220	0.0002606603946819836
6	227	221	0.00026164477018357745
6	228	222	0.00026247726624885066
6	229	223	0.00026332996391827834
6	230	224	0.00026404872994570806
6	231	225	0.00026527385414967884
6	232	226	0.0002671568525303038
6	233	227	0.0002696492687693605
7	201	194	0.00024197753371505633
7	202	195	0.00024307585656294605
7	203	196	0.0002438060794974694
7	204	197	0.00024446244388935537
7	205	198	0.000245010277170625
7	206	199	0.0002456739867941734
7	207	200	0.0002461129230794477
7	208	201	0.0002466755871659018
7	209	202	0.0002474733522580449
7	210	203	0.00024832121960428904
7	211	204	0.000249072358143847
7	212	205	0.00024981026353927867
7	213	206	0.0002507299375412105
7	214	207	0.0002515839818221278
7	215	208	0.0002523463294662667
7	216	209	0.0002531308848308558
7	217	210	0.0002537790437794836
7	218	211	0.00025419037445979407
7	219	212	0.00025466376194390703
7	220	213	0.00025523489283682646
7	221	214	0.0002558302550937766
7	222	215	0.0002564528068433077
7	223	216	0.0002574760690997001
7	224	217	0.0002582808671301789
7	225	218	0.0002590697996139359
7	226	219	0.00026018658265479044
7	227	220	0.00026117758628151517
7	228	221	0.00026201596325161795
7	229	222	0.00026287457984296755
7	230	223	0.0002635986111174947
7	231	224	0.00026483121408500204
7	232	225	0.000266724548636495
7	233	226	0.00026922990611507767
8	201	193	0.0002405958790384087
8	202	194	0.00024170698527560015
8	203	195	0.0002424479727958767
8	204	196	0.0002431146151015049
8	205	197	0.00024367207103287157
8	206	198	0.00024434589134208313
8	207	199	0.0002447937071838266
8	208	200	0.00024536578067019103
8	209	201	0.0002461740311931195
8	210	202	0.0002470325281849635
8	211	203	0.0002477937151479643
8	212	204	0.0002485415055845298
8	213	205	0.0002494718548642991
8	214	206	0.000250336152188701
8	215	207	0.0002511082108341808
8	216	208	0.00025190249059298467
8	217	209	0.0002525596282649929
8	218	210	0.00025297872440337377
8	219	211	0.0002534600978473945
8	220	212	0.0002540396004147924
8	221	213	0.0002546433695012213
8	222	214	0.00025527437656543513
8	223	215	0.0002563078792522194
8	224	216	0.00025712181148583693
8	225	217	0.00025791972087341
8	226	218	0.00025904690236280305
8	227	219	0.0002600476351398415
8	228	220	0.0002608949590559069
8	229	221	0.00026176253320737893
8	230	222	0.0002624948351031229
8	231	223	0.00026373791510642336
8	232	224	0.0002656445828433184
8	233	225	0.0002681658750919978
9	201	192	0.00023977283078009779
9	202	193	0.00024089395854317268
9	203	194	0.0002416429564461951
9	204	195	0.00024231714571928644
9	205	196	0.0002428815145349061
9	206	197	0.00024356276822892566
9	207	198	0.00024401680093407772
9	208	199	0.00024459565321308596
9	209	200	0.00024541179562591456
9	210	201	0.0002462783559638235
9	211	202	0.00024704704470496355
9	212	203	0.00024780219701778315
9	213	204	0.00024874073089483923
9	214	205	0.0002496128107621381
9	215	206	0.00025039212863126856
9	216	207	0.00025119370482467007
9	217	208	0.0002518574094362952
9	218	209	0.00025228187071805926
9	219	210	0.0002527688547674578
9	220	211	0.0002533543798260753
9	221	212	0.00025396422905248127
9	222	213	0.00025460138704398597
9	223	214	0.00025564286399342557
9	224	215	0.0002564636750525892
9	225	216	0.00025726832539303647
9	226	217	0.0002584037030896634
9	227	218	0.0002594119768394091
9	228	219	0.000260266072363769
9	229	220	0.0002611404486099847
9	230	221	0.00026187887895139897
9	231	222	0.0002631303329914338
9	232	223	0.0002650482753913418
9	233	224	0.0002675834854958277
10	201	191	0.00023911500116815043
10	202	192	0.00024024539433422024
10	203	193	0.00024100163349170887
10	204	194	0.000241682603755664
10	205	195	0.00024225312083169003
10	206	196	0.0002429410564001853
10	207	197	0.00024340054973748907
10	208	198	0.0002439854378926367
10	209	199	0.00024480874793226566
10	210	200	0.0002456826563103324
10	211	201	0.0002464581330534358
10	212	202	0.0002472199391482571
10	213	203	0.00024816596461027177
10	214	204	0.00024904513686066797
10	215	205	0.00024983102542136234
10	216	206	0.0002506392165633236
10	217	207	0.00025130880616467327
10	218	208	0.00025173794564140555
10	219	209	0.00025222986227035454
10	220	210	0.0002528207421744754
10	221	211	0.0002534360107699715
10	222	212	0.0002540786658193725
10	223	213	0.0002551274864222114
10	224	214	0.0002559545413534796
10	225	215	0.00025676530231736667
10	226	216	0.00025790826520275423
10	227	217	0.0002589234684992126
10	228	218	0.0002597837227568962
10	229	219	0.0002606642940983315
10	230	220	0.00026140824527998694
10	231	221	0.0002626674915721098
10	232	222	0.0002645961582234558
10	233	223	0.00026714476441436484
11	201	190	0.00023804250540661187
11	202	191	0.00023918443202256446
11	203	192	0.00023995013577103822
11	204	193	0.00024064008255304838
11	205	194	0.0002412189142593767
11	206	195	0.00024191568132602995
11	207	196	0.0002423827505225759
11	208	197	0.00024297577414660705
11	209	198	0.00024380834162959796
11	210	199	0.00024469166867440204
11	211	200	0.0002454759777394006
11	212	201	0.0002462464602591416
11	213	202	0.000247201988217944
11	214	203	0.0002480902400183044
11	215	204	0.0002488846618407784
11	216	205	0.00024970141178626433
11	217	206	0.0002503788042729461
11	218	207	0.00025081450965000907
11	219	208	0.00025131323085886357
11	220	209	0.00025191132373578645
11	221	210	0.000252533852745731
11	222	211	0.0002531838291841066
11	223	212	0.0002542418179814649
11	224	213	0.00025507691386753126
11	225	214	0.00025589556449707177
11	226	215	0.00025704788878109044
11	227	216	0.00025807177531698457
11	228	217	0.00025893991873337743
11	229	218	0.00025982840005355103
11	230	219	0.00026057956514035003
11	231	220	0.0002618483020071627
11	232	221	0.0002637894023970439
11	233	222	0.0002663531228312742
12	201	189	0.0002371106276300912
12	202	190	0.00023826346900600412
12	203	191	0.0002390380034705252
12	204	192	0.00023973629441442353
12	205	193	0.0002403228080888604
12	206	194	0.00024102778584230317
12	207	195	0.00024150180357567102
12	208	196	0.00024210234745771717
12	209	197	0.00024294357480960087
12	210	198	0.00024383573061129791
12	211	199	0.0002446282821241764
12	212	200	0.0002454068555345922
12	213	201	0.0002463713145017695
12	214	202	0.00024726807583438996
12	215	203	0.000248070461134728
12	216	204	0.0002488952059363489
12	217	205	0.0002495798354880872
12	218	206	0.00025002153442904297
12	219	207	0.0002505264957172686
12	220	208	0.00025113124642120357
12	221	209	0.00025176048646619373
12	222	210	0.0002524172407270356
12	223	211	0.00025348387680995986
12	224	212	0.0002543264870217695
12	225	213	0.0002551525042122269
12	226	214	0.0002563136854334833
12	227	215	0.0002573457491316262
12	228	216	0.000258221272962842
12	229	217	0.000259117160398641
12	230	218	0.0002598750337640717
12	231	219	0.0002611527809881587
12	232	220	0.00026310586602080766
12	233	221	0.00026568427992476856
13	201	188	0.00023696198325199634
13	202	189	0.0002381217107959199
13	203	190	0.0002389010678534652
13	204	191	0.00023960373171129525
13	205	192	0.0002401939905751986
13	206	193	0.0002409032885113725
13	207	194	0.00024138039137393776
13	208	195	0.00024198463759487508
13	209	196	0.0002428307574835686
13	210	197	0.0002437280146717008
13	211	198	0.00024452511298989483
13	212	199	0.0002453081172673694
13	213	200	0.00024627789222071873
13	214	201	0.00024717957983997436
13	215	202	0.0002479863754437517
13	216	203	0.0002488155972428731
13	217	204	0.00024950397306051935
13	218	205	0.0002499481966910777
13	219	206	0.0002504559652561295
13	220	207	0.00025106397818791505
13	221	208	0.00025169656683039695
13	222	209	0.00025235676929170116
13	223	210	0.0002534287725532838
13	224	211	0.00025427563733603414
13	225	212	0.0002551057906910019
13	226	213	0.00025627264277959386
13	227	214	0.00025730972099340056
13	228	215	0.0002581894846012184
13	229	216	0.00025908966683237583
13	230	217	0.0002598511594002567
13	231	218	0.00026113487736557266
13	232	219	0.000263096962346419
13	233	220	0.000265687136784827
14	201	187	0.00023688558812999375
14	202	188	0.00023805189079448074
14	203	189	0.00023883574085233815
14	204	190	0.0002395424467673206
14	205	191	0.00024013611685534897
14	206	192	0.00024084941047723132
14	207	193	0.00024132926453615257
14	208	194	0.0002419368889687328
14	209	195	0.00024278759279852804
14	210	196	0.00024368964805744175
14	211	197	0.00024449098731437916
14	212	198	0.00024527811851080824
14	213	199	0.0002462529174526496
14	214	200	0.0002471592383838418
14	215	201	0.00024797014909737
14	216	202	0.0002488035562833503
14	217	203	0.0002494953824299481
14	218	204	0.0002499418257382571
14	219	205	0.00025045210230095706
14	220	206	0.0002510630855040385
14	221	207	0.000251698734442783
14	222	208	0.0002523621005331686
14	223	209	0.0002534392074886274
14	224	210	0.00025429005527065107
14	225	211	0.00025512407467026505
14	226	212	0.0002562963445329576
14	227	213	0.0002573381803827288
14	228	214	0.0002582219220476424
14	229	215	0.0002591261403010544
14	230	216	0.000259890989438839
14	231	217	0.0002611804396065823
14	232	218	0.00026315131597614346
14	233	219	0.00026575306950500204
15	201	186	0.00023704038009834762
15	202	187	0.00023821209191094228
15	203	188	0.00023899925925040285
15	204	189	0.0002397088391734113
15	205	190	0.00024030475809134463
15	206	191	0.00024102090329639915
15	207	192	0.00024150236340344413
15	208	193	0.0002421122392638238
15	209	194	0.00024296642429740616
15	210	195	0.0002438721883961149
15	211	196	0.00024467668479039045
15	212	197	0.0002454668689498673
15	213	198	0.0002464456378336419
15	214	199	0.0002473555446972472
15	215	200	0.000248169528432776
15	216	201	0.00024900608998617207
15	217	202	0.0002497003383725905
15	218	203	0.00025014797127383386
15	219	204	0.0002506597386749021
15	220	205	0.0002512726894234915
15	221	206	0.0002519104065419413
15	222	207	0.00025257595472890287
15	223	208	0.0002536572119380142
15	224	209	0.0002545110876785673
15	225	210	0.000255348026063856
15	226	211	0.00025652479032687605
15	227	212	0.00025757046292219373
15	228	213	0.00025845726308065396
15	229	214	0.00025936460692855385
15	230	215	0.00026013190435708394
15	231	216	0.00026142620885468603
15	232	217	0.0002634050350266503
15	233	218	0.0002660175593558683
16	201	185	0.0002371986330259775
16	202	186	0.00023837579354225475
16	203	187	0.00023916629492293538
16	204	188	0.00023987876071961657
16	205	189	0.00024047693359189766
16	206	190	0.00024119594179539694
16	207	191	0.0002416790062040547
16	208	192	0.00024229113848662066
16	209	193	0.00024314882241041437
16	210	194	0.00024405831519977106
16	211	195	0.0002448659827201523
16	212	196	0.00024565923262569915
16	213	197	0.0002466419934140826
16	214	198	0.00024755550407204734
16	215	199	0.0002483725733571275
16	216	200	0.00024921230249366885
16	217	201	0.00024990897891928593
16	218	202	0.00025035779495099727
16	219	203	0.00025087104975957244
16	220	204	0.0002514859693300438
16	221	205	0.0002521257568739175
16	222	206	0.00025279349048735957
16	223	207	0.00025387892026386535
16	224	208	0.00025473583527083527
16	225	209	0.0002555757027986743
16	226	210	0.0002567569865261144
16	227	211	0.0002578065144598021
16	228	212	0.0002586963841872287
16	229	213	0.00025960686523109717
16	230	214	0.00026037661611348704
16	231	215	0.0002616758024377924
16	232	216	0.0002636626343161865
16	233	217	0.00026628601083452747
17	201	184	0.00023734268278541572
17	202	185	0.0002385254276841624
17	203	186	0.0002393193745876321
17	204	187	0.00024003483175400305
17	205	188	0.00024063535623180485
17	206	189	0.00024135733049648715
17	207	190	0.00024184208793518477
17	208	191	0.00024245657126775825
17	209	192	0.00024331786066625327
17	210	193	0.0002442311900075971
17	211	194	0.0002450421296553627
17	212	195	0.00024583854419152665
17	213	196	0.0002468254042106374
17	214	197	0.00024774262095926915
17	215	198	0.0002485628718221163
17	216	199	0.000249405864429369
17	217	200	0.0002501050564274356
17	218	201	0.0002505551298647369
17	219	202	0.0002510699486331874
17	220	203	0.0002516869175666975
17	221	204	0.00025232885628364584
17	222	205	0.0002529988564053987
17	223	206	0.0002540885583365572
17	224	207	0.0002549486002852386
17	225	208	0.00025579148272900765
17	226	209	0.00025697738609184055
17	227	210	0.0002580308622558519
17	228	211	0.00025892388611565464
17	229	212	0.0002598375887591243
17	230	213	0.00026060987028637034
17	231	214	0.00026191403760203745
17	232	215	0.0002639090024884044
17	233	216	0.0002665433836750144
18	201	183	0.00023762330930664048
18	202	184	0.0002388109570226563
18	203	185	0.00023960765212917992
18	204	186	0.00024032540596020046
18	205	187	0.0002409275879260857
18	206	188	0.0002416518480555042
18	207	189	0.00024213761205441175
18	208	190	0.00024275377411968704
18	209	191	0.00024361801685088662
18	210	192	0.00024453453980242165
18	211	193	0.00024534810944942527
18	212	194	0.00024614705199972375
18	213	195	0.0002471373907481212
18	214	196	0.00024805769540599357
18	215	197	0.0002488805106161307
18	216	198	0.0002497261565254704
18	217	199	0.00025042725254314493
18	218	200	0.00025087796536705413
18	219	201	0.0002513937392761322
18	220	202	0.0002520121595873184
18	221	203	0.0002526556583865146
18	222	204	0.0002533273408514973
18	223	205	0.0002544207560386805
18	224	206	0.0002552833603380733
18	225	207	0.0002561286974793831
18	226	208	0.0002573186810759298
18	227	209	0.0002583755648053953
18	228	210	0.0002592711997190564
18	229	211	0.00026018758667077283
18	230	212	0.000260961860101866
18	231	213	0.00026227049773443537
18	232	214	0.00026427311918507314
18	233	215	0.0002669180597414038
19	201	182	0.00023788635090274916
19	202	183	0.0002390790511112235
19	203	184	0.00023987861904936644
19	204	185	0.00024059878794476989
19	205	186	0.00024120273765249016
19	206	187	0.0002419293994418178
19	207	188	0.00024241627095462212
19	208	189	0.00024303421875092952
19	209	190	0.0002439015341037078
19	210	191	0.0002448213712212047
19	211	192	0.00024563768429648026
19	212	193	0.0002464392660576764
19	213	194	0.0002474332033869525
19	214	195	0.0002483567105679994
19	215	196	0.0002491821982273617
19	216	197	0.0002500306053463364
19	217	198	0.00025073370463268174
19	218	199	0.00025118514238490434
19	219	200	0.0002517019592784386
19	220	201	0.00025232192287474354
19	221	202	0.00025296707382993863
19	222	203	0.0002536405310093132
19	223	204	0.00025473777082899335
19	224	205	0.0002556030365406256
19	225	206	0.0002564509254340653
19	226	207	0.0002576451010868528
19	227	208	0.000258705496661119
19	228	209	0.000259603838287976
19	229	210	0.0002605230049938962
19	230	211	0.00026129935830701773
19	231	212	0.0002626125767859428
19	232	213	0.00026462299421028544
19	233	214	0.0002672786593719017
20	201	181	0.00023801480052220713
20	202	182	0.00023921334826139032
20	203	183	0.00024001655155903042
20	204	184	0.00024073988478261722
20	205	185	0.0002413463363977422
20	206	186	0.00024207613293461867
20	207	187	0.00024256482336731605
20	208	188	0.00024318526794757885
20	209	189	0.000244056373068379
20	210	190	0.0002449802364919434
20	211	191	0.0002457999917023212
20	212	192	0.00024660490301745154
20	213	193	0.00024760313205848664
20	214	194	0.00024853052366484034
20	215	195	0.0002493593532450361
20	216	196	0.0002502111851196297
20	217	197	0.00025091693678929
20	218	198	0.0002513697291152278
20	219	199	0.0002518882155070696
20	220	200	0.000252510347640213
20	221	201	0.0002531577708650087
20	222	202	0.00025383361794608777
20	223	203	0.0002549353117208561
20	224	204	0.00025580385059336953
20	225	205	0.0002566548959494468
20	226	206	0.0002578538784232897
20	227	207	0.0002589183880953232
20	228	208	0.0002598200251557987
20	229	209	0.00026074255540161414
20	230	210	0.0002615215601571423
20	231	211	0.0002628399493309906
20	232	212	0.0002648587773443865
20	233	213	0.00026752580345448877
21	201	180	0.0002382069936885291
21	202	181	0.0002394111013977281
21	203	182	0.00024021763134460613
21	204	183	0.00024094381841211648
21	205	184	0.00024155245762498944
21	206	185	0.00024228508483921523
21	207	186	0.00024277527924249383
21	208	187	0.00024339791627572496
21	209	188	0.0002442725238262733
21	210	189	0.0002452001317612962
21	211	190	0.00024602304412925846
21	212	191	0.0002468310018260023
21	213	192	0.00024783325237866493
21	214	193	0.0002487642567896102
21	215	194	0.0002495961538773081
21	216	195	0.00025045113975827267
21	217	196	0.00025115926794339727
21	218	197	0.0002516131286001566
21	219	198	0.00025213300431981114
21	220	199	0.0002527570326505445
21	221	200	0.00025340645956641245
21	222	201	0.0002540844318135596
21	223	202	0.0002551903378650967
21	224	203	0.0002560618989677987
21	225	204	0.00025691585117182516
21	226	205	0.00025811940938835813
21	227	206	0.0002591877975978041
21	228	207	0.00026009248889769025
21	229	208	0.00026101814446323604
21	230	209	0.0002617995579062949
21	231	210	0.00026312290132502267
21	232	211	0.00026514995623898427
21	233	212	0.0002678281891755748
22	201	179	0.00023844010109890922
22	202	180	0.0002396496032542128
22	203	181	0.0002404592714778333
22	204	182	0.00024118812089113644
22	205	183	0.00024179875101512335
22	206	184	0.00024253402134795832
22	207	185	0.00024302551984796414
22	208	186	0.00024365015901252733
22	209	187	0.00024452809471715983
22	210	188	0.00024545927731731116
22	211	189	0.0002462851725784583
22	212	190	0.00024709600306071556
22	213	191	0.00024810211355745125
22	214	192	0.00024903656663106396
22	215	193	0.0002498713631345456
22	216	194	0.00025072933755480766
22	217	195	0.0002514396705111558
22	218	196	0.0002518944161581651
22	219	197	0.00025241550298523915
22	220	198	0.000253041256213272
22	221	199	0.0002536925183218694
22	222	200	0.0002543724501364749
22	223	201	0.0002554824252811893
22	224	202	0.00025635685506550815
22	225	203	0.0002572135609449352
22	226	204	0.00025842155959501437
22	227	205	0.0002594936855508154
22	228	206	0.000260401283663065
22	229	207	0.0002613299192324764
22	230	208	0.00026211359055377473
22	231	209	0.00026344176321064247
22	232	210	0.00026547695237712
22	233	211	0.00026816632861607285
23	201	178	0.0002388456596593391
23	202	179	0.00024005965311964196
23	203	180	0.00024087154144525243
23	204	181	0.00024160213991626764
23	205	182	0.00024221385032101748
23	206	183	0.0002429508702223057
23	207	184	0.00024344277442679878
23	208	185	0.00024406853458912265
23	209	186	0.0002449489410471317
23	210	187	0.0002458828527182466
23	211	188	0.00024671088797865017
23	212	189	0.00024752375610684427
23	213	190	0.00024853291059016207
23	214	191	0.0002494700006063974
23	215	192	0.00025030688753971305
23	216	193	0.00025116705082015695
23	217	194	0.0002518787890326443
23	218	195	0.0002523336148187589
23	219	196	0.00025285511944260063
23	220	197	0.0002534818175273374
23	221	198	0.0002541341437813617
23	222	199	0.0002548152731153397
23	223	200	0.0002559285840208833
23	224	201	0.0002568051445069167
23	225	202	0.00025766387224989833
23	226	203	0.00025887560334995343
23	227	204	0.00025995075912046457
23	228	205	0.00026086055491340973
23	229	206	0.0002617914689503894
23	230	207	0.0002625766964146993
23	231	208	0.0002639090280465475
23	232	209	0.00026595171924331486
23	233	210	0.0002686516412411856
24	201	177	0.00023907545195785902
24	202	178	0.00024029497463817187
24	203	179	0.00024111008400739734
24	204	180	0.00024184341612235068
24	205	181	0.00024245717312488323
24	206	182	0.00024319690564758586
24	207	183	0.00024369015339732053
24	208	184	0.0002443179699791651
24	209	185	0.0002452017870915956
24	210	186	0.0002461393604058645
24	211	187	0.0002469704519634487
24	212	188	0.00024778626319878856
24	213	189	0.00024879936819740465
24	214	190	0.00024973998785789777
24	215	191	0.0002505798428523748
24	216	192	0.0002514430645076509
24	217	193	0.0002521570603601641
24	218	194	0.00025261279622080753
24	219	195	0.000253135543527838
24	220	196	0.00025376400831665386
24	221	197	0.00025441821343090507
24	222	198	0.00025510134811682463
24	223	199	0.0002562188159867102
24	224	200	0.0002570983081153447
24	225	201	0.0002579598496102395
24	226	202	0.00025917611414464964
24	227	203	0.00026025508590026334
24	228	204	0.00026116784967856706
24	229	205	0.00026210180576077515
24	230	206	0.00026288933851952153
24	231	207	0.0002642265961877322
24	232	208	0.0002662775812453437
24	233	209	0.0002689888623819505
25	201	176	0.0002392740431525905
25	202	177	0.00024049933380739818
25	203	178	0.0002413178743575225
25	204	179	0.00024205414245998888
25	205	180	0.00024267013852177083
25	206	181	0.0002434127813600857
25	207	182	0.00024390755313200298
25	208	183	0.00024453761242885933
25	209	184	0.000245425039186196
25	210	185	0.0002463664736962469
25	211	186	0.0002472008124488161
25	212	187	0.00024801975443682956
25	213	188	0.00024903700631715087
25	214	189	0.00024998134545669556
25	215	190	0.00025082435043746564
25	216	191	0.0002516908114334233
25	217	192	0.00025240723566576334
25	218	193	0.0002528640366070028
25	219	194	0.00025338818343424377
25	220	195	0.00025401857553014894
25	221	196	0.0002546748196132816
25	222	197	0.00025536011941850844
25	223	198	0.0002564819241397486
25	224	199	0.0002573645136752956
25	225	200	0.00025822903184986515
25	226	201	0.00025945000823648814
25	227	202	0.00026053296552509077
25	228	203	0.00026144885681153975
25	229	204	0.0002623860136238911
25	230	205	0.00026317600162603086
25	231	206	0.00026451835926784203
25	232	207	0.00026657784298234966
25	233	208	0.0002693007155583776
26	201	175	0.00023894918733341998
26	202	176	0.00024018328563864798
26	203	177	0.00024100823629452867
26	204	178	0.00024175038027432908
26	205	179	0.00024237151465034254
26	206	180	0.00024311994230371154
26	207	181	0.00024361906551666912
26	208	182	0.00024425417177458144
26	209	183	0.00024514799671449526
26	210	184	0.0002460960533820557
26	211	185	0.000246936363805256
26	212	186	0.0002477611304740844
26	213	187	0.00024878520521987664
26	214	188	0.0002497359068074895
26	215	189	0.00025058467074926476
26	216	190	0.000251456953538297
26	217	191	0.00025217835306973364
26	218	192	0.0002526387252793964
26	219	193	0.00025316675530951224
26	220	194	0.00025380153823129694
26	221	195	0.00025446226068049103
26	222	196	0.0002551521413976466
26	223	197	0.0002562806962850903
26	224	198	0.0002571687596458404
26	225	199	0.00025803860582143516
26	226	200	0.0002592666392201334
26	227	201	0.00026035589663960646
26	228	202	0.0002612771986199759
26	229	203	0.0002622198175752037
26	230	204	0.0002630144927540632
26	231	205	0.0002643641863300879
26	232	206	0.0002664344159506745
26	233	207	0.00026917113538471073
27	201	174	0.00023882511559768658
27	202	175	0.0002400669748745772
27	203	176	0.0002408972736067076
27	204	177	0.00024164423739818952
27	205	178	0.00024226945760146226
27	206	179	0.000243022636566017
27	207	180	0.00024352507327314487
27	208	181	0.00024416420769957347
27	209	182	0.00024506343807363516
27	210	183	0.000246017137447799
27	211	184	0.00024686244366642026
27	212	185	0.0002476920681017766
27	213	186	0.00024872201992884893
27	214	187	0.00024967814337142777
27	215	188	0.00025053172926734044
27	216	189	0.0002514089074228857
27	217	190	0.00025213435666825314
27	218	191	0.0002525973695512727
27	219	192	0.00025312836513221264
27	220	193	0.00025376663599751593
27	221	194	0.00025443094414095215
27	222	195	0.0002551245233055779
27	223	196	0.00025625897703475387
27	224	197	0.000257151658581347
27	225	198	0.0002580259842884574
27	226	199	0.0002592602521340485
27	227	200	0.00026035498777604934
27	228	201	0.00026128087787007017
27	229	202	0.00026222814504166004
27	230	203	0.0002630266938545707
27	231	204	0.00026438294376625977
27	232	205	0.00026646318056823375
27	233	206	0.0002692130454140004
28	201	173	0.00023907336954332025
28	202	174	0.00024032093919567788
28	203	175	0.0002411545312672999
28	204	176	0.00024190427747998003
28	205	177	0.00024253156084778094
28	206	178	0.0002432874986646853
28	207	179	0.00024379126260426265
28	208	180	0.0002444324689478874
28	209	181	0.00024533518533921843
28	210	182	0.00024629263170298984
28	211	183	0.0002471410516481873
28	212	184	0.0002479736707381826
28	213	185	0.0002490076676960153
28	214	186	0.00024996739584652654
28	215	187	0.00025082399956821895
28	216	188	0.0002517042889357571
28	217	189	0.00025243201367177267
28	218	190	0.00025289589684889484
28	219	191	0.0002534281095412658
28	220	192	0.00025406814356519536
28	221	193	0.0002547343315043609
28	222	194	0.00025542992196693113
28	223	195	0.00025656862726055745
28	224	196	0.0002574642834567464
28	225	197	0.0002583414604371142
28	226	198	0.00025958036864481105
28	227	199	0.00026067899684526034
28	228	200	0.00026160789634440524
28	229	201	0.00026255824933040927
28	230	202	0.0002633591171756178
28	231	203	0.00026472041056804893
28	232	204	0.00026680919036021984
28	233	205	0.0002695707813282001
29	201	172	0.00023943999580424116
29	202	173	0.0002406926576149308
29	203	174	0.00024152890413283077
29	204	175	0.00024228079533606604
29	205	176	0.0002429095035079108
29	206	177	0.00024366757689067267
29	207	178	0.00024417203569380953
29	208	179	0.00024481469697181456
29	209	180	0.00024572030496518673
29	210	181	0.00024668091335513386
29	211	182	0.0002475318615327107
29	212	183	0.00024836689488065946
29	213	184	0.00024940437429944517
29	214	185	0.0002503671458096703
29	215	186	0.0002512262057343657
29	216	187	0.0002521090516965637
29	217	188	0.0002528384943154261
29	218	189	0.00025330268120965656
29	219	190	0.0002538355540511413
29	220	191	0.00025447680582121776
29	221	192	0.000255144335039983
29	222	193	0.0002558414052275633
29	223	194	0.00025698385908836996
29	224	195	0.0002578819789992686
29	225	196	0.0002587615002726866
29	226	197	0.0002600045651726277
29	227	198	0.0002611065995936459
29	228	199	0.00026203801817194027
29	229	200	0.0002629909723137367
29	230	201	0.00026379367172542226
29	231	202	0.00026515955293390596
29	232	203	0.00026725645901881737
29	233	204	0.00027002939470400047
30	201	171	0.00023963688893474086
30	202	172	0.0002408956889354316
30	203	173	0.00024173559565678475
30	204	174	0.00024249062019151014
30	205	175	0.00024312172198230576
30	206	176	0.00024388289681341062
30	207	177	0.0002443889891695441
30	208	178	0.00024503404206441585
30	209	179	0.000245943483928742
30	210	180	0.00024690818914883576
30	211	181	0.0002477625830301909
30	212	182	0.0002486009367729225
30	213	183	0.0002496428065607056
30	214	184	0.0002506095146972838
30	215	185	0.0002514719080870445
30	216	186	0.00025235817955251944
30	217	187	0.00025309019069952576
30	218	188	0.00025355550786242717
30	219	189	0.0002540898624297781
30	220	190	0.00025473315074401996
30	221	191	0.00025540283276014633
30	222	192	0.0002561021871793277
30	223	193	0.00025724920928836775
30	224	194	0.0002581505908988071
30	225	195	0.00025903324504080913
30	226	196	0.00026028126565570854
30	227	197	0.000261387489589102
30	228	198	0.00026232219366528953
30	229	199	0.0002632785085038118
30	230	200	0.0002640837837316054
30	231	201	0.0002654550170256727
30	232	202	0.0002675608411402531
30	233	203	0.0002703459371878192
31	201	170	0.00023993462478734076
31	202	171	0.00024119904504620748
31	203	172	0.0002420420712478547
31	204	173	0.00024279968855104052
31	205	174	0.00024343264110868247
31	206	175	0.00024419638882952865
31	207	176	0.0002447035755057758
31	208	177	0.00024535049544335174
31	209	178	0.0002462632687036633
31	210	179	0.0002472315768312719
31	211	180	0.00024808892074706555
31	212	181	0.00024893010330761953
31	213	182	0.0002499758890473426
31	214	183	0.0002509460596191665
31	215	184	0.00025181131088103517
31	216	185	0.000252700538393383
31	217	186	0.00025343464444526107
31	218	187	0.0002539006079365965
31	219	188	0.0002544359691767835
31	220	189	0.00025508082988027006
31	221	190	0.0002557522066483957
31	222	191	0.0002564533934263778
31	223	192	0.0002576045604096991
31	224	193	0.0002585087711936571
31	225	194	0.0002593941288090981
31	226	195	0.0002606466988437237
31	227	196	0.0002617567023217364
31	228	197	0.0002626942769123582
31	229	198	0.0002636535424154838
31	230	199	0.00026446097965994133
31	231	200	0.0002658371831408373
31	232	201	0.00026795158266835014
31	233	202	0.0002707485319561116
32	201	169	0.00024044180203523286
32	202	170	0.00024171067666475238
32	203	171	0.00024255564084641772
32	204	172	0.0002433146770316072
32	205	173	0.00024394831146252704
32	206	174	0.00024471348491536744
32	207	175	0.00024522061496641697
32	208	176	0.0002458682728612482
32	209	177	0.00024678327773648863
32	210	178	0.00024775410439833767
32	211	179	0.00024861331879652635
32	212	180	0.00024945626127103086
32	213	181	0.00025050491788244635
32	214	182	0.0002514775123099664
32	215	183	0.0002523445876077426
32	216	184	0.0002532357496352298
32	217	185	0.00025397093079418913
32	218	186	0.000254436516205645
32	219	187	0.000254971874520544
32	220	188	0.0002556173147738163
32	221	189	0.00025628940525556406
32	222	190	0.00025699145512918204
32	223	191	0.00025814583208779395
32	224	192	0.00025905193317959506
32	225	193	0.0002599390638293858
32	226	194	0.00026119528146717805
32	227	195	0.0002623081640264962
32	228	196	0.0002632477085808214
32	229	197	0.0002642090341541737
32	230	198	0.00026501774385068053
32	231	199	0.0002663980651169542
32	232	200	0.000268520232232224
32	233	201	0.00027132826758826355
33	201	168	0.0002408850521452601
33	202	169	0.00024215881212696593
33	203	170	0.0002430061105952163
33	204	171	0.00024376695126248992
33	205	172	0.0002444016401131774
33	206	173	0.00024516861613712877
33	207	174	0.0002456760450320248
33	208	175	0.00024632480137159443
33	209	176	0.0002472424112261809
33	210	177	0.0002482161288099065
33	211	178	0.00024907757461251436
33	212	179	0.00024992263265494354
33	213	180	0.0002509745241842896
33	214	181	0.00025194989755173054
33	215	182	0.0002528191414761881
33	216	183	0.0002537125800509925
33	217	184	0.00025444916529007787
33	218	185	0.00025491468232810436
33	219	186	0.00025545034812790894
33	220	187	0.00025609668125094545
33	221	188	0.0002567697968603774
33	222	189	0.0002574730195290684
33	223	190	0.00025863093760641046
33	224	191	0.0002595392428635162
33	225	192	0.0002604284559141708
33	226	193	0.00026168864674135686
33	227	194	0.0002628047226887428
33	228	195	0.00026374653896559143
33	229	196	0.00026471022420827324
33	230	197	0.00026552049491819333
33	231	198	0.00026690524835718796
33	232	199	0.0002690355309693173
33	233	200	0.00027185503000845155
34	201	167	0.00024127579902730038
34	202	168	0.00024255481503936138
34	203	169	0.0002434047838955162
34	204	170	0.0002441677549590661
34	205	171	0.0002448038115591929
34	206	172	0.0002455729085399927
34	207	173	0.0002460809335995825
34	208	174	0.0002467310914780718
34	209	175	0.00024765162315979025
34	210	176	0.00024862854816198247
34	211	177	0.00024949253083719227
34	212	178	0.00025034000518196834
34	213	179	0.00025139544151021
34	214	180	0.0002523738951889928
34	215	181	0.00025324559903768895
34	216	182	0.00025414160344223676
34	217	183	0.00025487986934715737
34	218	184	0.0002553455755861673
34	219	185	0.0002558818077240353
34	220	186	0.00025652929608108746
34	221	187	0.0002572036977909434
34	222	188	0.00025790835302207126
34	223	189	0.00025907009429827223
34	224	190	0.00025998086875835295
34	225	191	0.00026087242519725793
34	226	192	0.0002621368671783195
34	227	193	0.00026325640351695115
34	228	194	0.00026420074626518455
34	229	195	0.0002651670442152668
34	230	196	0.00026597911824509976
34	231	197	0.0002673685728521761
34	232	198	0.000269507274444695
34	233	199	0.00027233857125048133
35	201	166	0.00024171166548781053
35	202	167	0.00024299573029958142
35	203	168	0.0002438481339985692
35	204	169	0.0002446129963104061
35	205	170	0.00024525017535317276
35	206	171	0.00024602115966255046
35	207	172	0.00024652953224503
35	208	173	0.0002471808552057912
35	209	174	0.0002481040924504637
35	210	175	0.000249084014342436
35	211	176	0.00024995031813409326
35	212	177	0.00025079999410060875
35	213	178	0.00025185877563901676
35	214	179	0.0002528401070806485
35	215	180	0.0002537140636624394
35	216	181	0.0002546124301652181
35	217	182	0.0002553521655161933
35	218	183	0.0002558178357446566
35	219	184	0.0002563544155563256
35	220	185	0.0002570028492135117
35	221	186	0.00025767833075442906
35	222	187	0.0002583842160511593
35	223	188	0.00025954960561590875
35	224	189	0.00026046266189155793
35	225	190	0.00026135637497944026
35	226	191	0.00026262490330709285
35	227	192	0.0002637477287093175
35	228	193	0.00026469441869877297
35	229	194	0.0002656631528628578
35	230	195	0.0002664768472279843
35	231	196	0.0002678708514555922
35	232	197	0.00027001785976379184
35	233	198	0.0002728608773346625
36	201	165	0.00024209773349565184
36	202	166	0.00024338720792672352
36	203	167	0.00024424237166206965
36	204	168	0.0002450094400730038
36	205	169	0.00024564804358488386
36	206	170	0.00024642122269471844
36	207	171	0.0002469302286663811
36	208	172	0.00024758300875818537
36	209	173	0.0002485092580473219
36	210	174	0.0002494924831363925
36	211	175	0.0002503614031280367
36	212	176	0.00025121357108871453
36	213	177	0.00025227599785057056
36	214	178	0.00025326049844518026
36	215	179	0.00025413698891086647
36	216	180	0.0002550379967539471
36	217	181	0.00025577946784394027
36	218	182	0.0002562453488850449
36	219	183	0.0002567825246894531
36	220	184	0.0002574321557625308
36	221	185	0.0002581089679790801
36	222	186	0.0002588163331041548
36	223	187	0.0002599856439122826
36	224	188	0.0002609012375176088
36	225	189	0.0002617973587402098
36	226	190	0.0002630702425655828
36	227	191	0.00026419661501568043
36	228	192	0.00026514589773265205
36	229	193	0.00026611731197513167
36	230	194	0.00026693285961475747
36	231	195	0.0002683316740569337
36	232	196	0.00027048728535343367
36	233	197	0.00027334235161456433
37	201	164	0.00024247561543774303
37	202	165	0.00024377061467177822
37	203	166	0.0002446286203167044
37	204	167	0.0002453979690854607
37	205	168	0.00024603806113602784
37	206	169	0.00024681350747402035
37	207	170	0.00024732320004093215
37	208	171	0.00024797749948196016
37	209	172	0.00024890684039066273
37	210	173	0.0002498934506979168
37	211	174	0.0002507650600713432
37	212	175	0.00025161979095212033
37	213	176	0.000252685946162263
37	214	177	0.0002536736928149683
37	215	178	0.0002545527860677101
37	216	179	0.0002554565045850156
37	217	180	0.00025619976991533605
37	218	181	0.00025666590277395287
37	219	182	0.0002572037193581166
37	220	183	0.0002578545987175572
37	221	184	0.00025853279337574516
37	222	185	0.0002592416911480005
37	223	186	0.00026041500170217286
37	224	187	0.00026133319549902543
37	225	188	0.000262231785675037
37	226	189	0.00026350910578025417
37	227	190	0.00026463909670001193
37	228	191	0.0002655910328255314
37	229	192	0.0002665651881052485
37	230	193	0.0002673826407786023
37	231	194	0.0002687863471448937
37	232	195	0.00027095068120143743
37	233	196	0.0002738179498626351
38	201	163	0.0002428425800720303
38	202	164	0.00024414323805362493
38	203	165	0.00024500418540923647
38	204	166	0.0002457759063688134
38	205	167	0.00024641756820840575
38	206	168	0.0002471953713277412
38	207	169	0.0002477058202775713
38	208	170	0.00024836171783156627
38	209	171	0.0002492942465914917
38	210	172	0.0002502843406435505
38	211	173	0.0002511587287419931
38	212	174	0.000252016109405587
38	213	175	0.0002530860922543393
38	214	176	0.0002540771775465936
38	215	177	0.000254958957853127
38	216	178	0.00025586547157679143
38	217	179	0.0002566106044955954
38	218	180	0.00025707704456686976
38	219	181	0.0002576155610117586
38	220	182	0.00025826775376518705
38	221	183	0.0002589473967272579
38	222	184	0.0002596578939257129
38	223	185	0.0002608352969543526
38	224	186	0.0002617561676251013
38	225	187	0.0002626573012131446
38	226	188	0.00026393915219371876
38	227	189	0.00026507284652356266
38	228	190	0.00026602750994540833
38	229	191	0.00026700448029402514
38	230	192	0.00026782390255323613
38	231	193	0.00026923259567906976
38	232	194	0.00027140578584655353
38	233	195	0.0002742854245796285
39	201	162	0.0002430731669715002
39	202	163	0.0002443803898063594
39	203	164	0.00024524514079369577
39	204	165	0.000246020078514334
39	205	166	0.00024666413487015574
39	206	167	0.00024744511904612344
39	207	168	0.0002479571197889979
39	208	169	0.00024861541141425064
39	209	170	0.00024955193332227746
39	210	171	0.0002505463104580864
39	211	172	0.00025142425912794706
39	212	173	0.00025228506089141175
39	213	174	0.0002533596473686866
39	214	175	0.00025435483283338606
39	215	176	0.00025524004566844077
39	216	177	0.00025615009287181334
39	217	178	0.00025689781293457113
39	218	179	0.0002573652542998807
39	219	180	0.0002579051613376133
39	220	181	0.0002585593573641223
39	221	182	0.000259241132410606
39	222	183	0.0002599539069943894
39	223	184	0.00026113610018585503
39	224	185	0.0002620603225724915
39	225	186	0.00026296466572311896
39	226	187	0.0002642517278612899
39	227	188	0.00026538978984359275
39	228	189	0.00026634782744587126
39	229	190	0.00026732825386210994
39	230	191	0.0002681502711406462
39	231	192	0.0002695646013734508
39	232	193	0.0002717473313568574
39	233	194	0.0002746400530446889
40	201	161	0.00024325501617956612
40	202	162	0.000244569185765208
40	203	163	0.0002454380837159093
40	204	164	0.00024621657018531845
40	205	165	0.00024686333905438163
40	206	166	0.00024764782792909473
40	207	167	0.00024816168071903447
40	208	168	0.000248822673122235
40	209	169	0.00024976351017937446
40	210	170	0.00025076249202270526
40	211	171	0.0002516443106756375
40	212	172	0.00025250883773105437
40	213	173	0.0002535883421831132
40	214	174	0.0002545879327664924
40	215	175	0.0002554768719609868
40	216	176	0.0002563907442831709
40	217	177	0.00025714132914056936
40	218	178	0.0002576100285123919
40	219	179	0.0002581515843368576
40	220	180	0.0002588080457690736
40	221	181	0.00025949221355943316
40	222	182	0.00026020752492033174
40	223	183	0.00026139479229357615
40	224	184	0.0002623226316925981
40	225	185	0.0002632304452974446
40	226	186	0.00026452299820208777
40	227	187	0.0002656656954338104
40	228	188	0.00026662736139785524
40	229	189	0.0002676114962398307
40	230	190	0.0002684363491757397
40	231	191	0.00026985658648811346
40	232	192	0.0002720491641010448
40	233	193	0.00027495531008392106
41	201	160	0.00024358924264250223
41	202	161	0.0002449094988313907
41	203	162	0.0002457816596517496
41	204	163	0.00024656281428394136
41	205	164	0.00024721141562111695
41	206	165	0.00024799854941890873
41	207	166	0.0002485133849275239
41	208	167	0.00024917622935584247
41	209	168	0.0002501205621321696
41	210	169	0.0002511233423772196
41	211	170	0.00025200822554955426
41	212	171	0.0002528756801615881
41	213	172	0.000253959327997493
41	214	173	0.0002549625521344502
41	215	174	0.00025585444719001665
41	216	175	0.0002567713840670188
41	217	176	0.00025752407088506244
41	218	177	0.00025799325589319756
41	219	178	0.0002585357012033018
41	220	179	0.00025919368411353894
41	221	180	0.0002598795104008201
41	222	181	0.0002605966339966331
41	223	182	0.00026178828685502557
41	224	183	0.00026271904617119265
41	225	184	0.0002636296391191166
41	226	185	0.0002649270209917759
41	227	186	0.0002660736895914665
41	228	187	0.00026703831636731016
41	229	188	0.0002680255000383948
41	230	189	0.00026885252677926326
41	231	190	0.00027027804861642045
41	232	191	0.00027247989908529217
41	233	192	0.0002753989378337863
42	201	159	0.0002441098981968242
42	202	160	0.00024543515188967874
42	203	161	0.00024630946493216227
42	204	162	0.00024709218344924155
42	205	163	0.0002477415162721342
42	206	164	0.00024853021734521117
42	207	165	0.0002490449508391737
42	208	166	0.00024970858610193
42	209	167	0.0002506553858005939
42	210	168	0.0002516609515014571
42	211	169	0.00025254788954981607
42	212	170	0.0002534172723419191
42	213	171	0.0002545040900939385
42	214	172	0.0002555099797078755
42	215	173	0.00025640386590495716
42	216	174	0.0002573229149553045
42	217	175	0.0002580767512358039
42	218	176	0.0002585454618385833
42	219	177	0.00025908785200385546
42	220	178	0.00025974642947650654
42	221	179	0.0002604329992326386
42	222	180	0.0002611510319104738
42	223	181	0.00026234620551441625
42	224	182	0.0002632790134056206
42	225	183	0.00026419152234105
42	226	184	0.00026549290148898495
42	227	185	0.0002666427094838241
42	228	186	0.00026760946317839617
42	229	187	0.0002685988716455236
42	230	188	0.00026942724761582686
42	231	189	0.00027085727104557975
42	232	190	0.0002730676616620289
42	233	191	0.0002759989060449302
43	201	158	0.00024458020068269214
43	202	159	0.0002459108314271629
43	203	160	0.0002467876359290527
43	204	161	0.0002475722460456362
43	205	162	0.0002482226237464702
43	206	163	0.0002490132118968401
43	207	164	0.0002495281389209388
43	208	165	0.00025019286780297384
43	209	166	0.00025114245375463547
43	210	167	0.00025215112423242577
43	211	168	0.0002530404239791025
43	212	169	0.0002539120366431749
43	213	170	0.0002550023370625517
43	214	171	0.00025601119534692917
43	215	172	0.00025690736451237147
43	216	173	0.0002578288155884005
43	217	174	0.0002585840767864137
43	218	175	0.0002590525667323484
43	219	176	0.00025959515738211775
43	220	177	0.00026025458949936986
43	221	178	0.0002609421615573742
43	222	179	0.0002616613611086904
43	223	180	0.0002628603394037758
43	224	181	0.0002637954604110124
43	225	182	0.0002647101455108926
43	226	183	0.0002660158020138991
43	227	184	0.00026716901711455304
43	228	185	0.0002681381515986594
43	229	186	0.0002691300370552861
43	230	187	0.00026996000238687566
43	231	188	0.00027139479852226
43	232	189	0.0002736140402664328
43	233	190	0.0002765578365744841
44	201	157	0.0002449302420886986
44	202	158	0.0002462670790948053
44	203	159	0.00024714715753904883
44	204	160	0.0002479344244587985
44	205	161	0.0002485865922173199
44	206	162	0.00024937981382250167
44	207	163	0.00024989565081652944
44	208	164	0.0002505621919972623
44	209	165	0.0002515152946868474
44	210	166	0.00025252779546310506
44	211	167	0.00025342016484161407
44	212	168	0.0002542947053140291
44	213	169	0.0002553891929035155
44	214	170	0.0002564017100257954
44	215	171	0.00025730083623501886
44	216	172	0.00025822535695845124
44	217	173	0.0002589826916814816
44	218	174	0.0002594515832081684
44	219	175	0.0002599949942817889
44	220	176	0.00026065590137186814
44	221	177	0.0002613450907190562
44	222	178	0.0002620660670703142
44	223	179	0.00026326948264100545
44	224	180	0.00026420752574696433
44	225	181	0.0002651249877516176
44	226	182	0.0002664355388384828
44	227	183	0.00026759276201714804
44	228	184	0.000268564860575067
44	229	185	0.00026955980103969486
44	230	186	0.0002703919179914305
44	231	187	0.0002718320771243059
44	232	188	0.0002740607973958305
44	233	189	0.00027701780555138786
45	201	156	0.00024507991694797495
45	202	157	0.0002464243154964181
45	203	158	0.0002473089688902985
45	204	159	0.00024810016949286897
45	205	160	0.0002487553773934182
45	206	161	0.0002495524774857371
45	207	162	0.00025007043283365864
45	208	163	0.00025073999094177556
45	209	164	0.0002516978210932209
45	210	165	0.0002527153520171748
45	211	166	0.000253611967256072
45	212	167	0.00025449059598033107
45	213	168	0.0002555904323610269
45	214	169	0.00025660774994286167
45	215	170	0.0002575109531302743
45	216	171	0.00025843965165387145
45	217	172	0.00025920014358636465
45	218	173	0.00025967048852126997
45	219	174	0.0002602157645705256
45	220	175	0.0002608791867280411
45	221	176	0.0002615710232569963
45	222	177	0.00026229479646595666
45	223	178	0.0002635036878016763
45	224	179	0.00026444566296319544
45	225	180	0.00026536689899445105
45	226	181	0.0002666833541688523
45	227	182	0.0002678455740939368
45	228	183	0.000268821603179075
45	229	184	0.0002698205555885976
45	230	185	0.000270655760985754
45	231	186	0.00027210224439894415
45	232	187	0.00027434143821590664
45	233	188	0.0002773126823679293
46	201	155	0.00024533903648413436
46	202	156	0.0002466903919493229
46	203	157	0.00024757898532371913
46	204	158	0.00024837348456027155
46	205	159	0.0002490310943025387
46	206	160	0.0002498314530397526
46	207	161	0.00025035089273422014
46	208	162	0.0002510228526831244
46	209	163	0.0002519848237450611
46	210	164	0.00025300680910969863
46	211	165	0.0002539070919737254
46	212	166	0.00025478923578236163
46	213	167	0.00025589386974736087
46	214	168	0.00025691543661607357
46	215	169	0.0002578221635698424
46	216	170	0.0002587544943762868
46	217	171	0.00025951759244451143
46	218	172	0.0002599888263100956
46	219	173	0.0002605354141412034
46	220	174	0.000261200812003241
46	221	175	0.00026189476402507474
46	222	176	0.00026262081014563106
46	223	177	0.0002638346894907069
46	224	178	0.00026478009708746475
46	225	179	0.0002657046113416644
46	226	180	0.00026702650397621673
46	227	181	0.00026819324915057036
46	228	182	0.0002691727307303707
46	229	183	0.00027017522316644094
46	230	184	0.00027101304018218057
46	231	185	0.0002724654111857316
46	232	186	0.000274714691169523
46	233	187	0.00027769982832260664
47	201	154	0.00024566581015793
47	202	155	0.00024702377582822433
47	203	156	0.00024791592823784805
47	204	157	0.0002487133418458809
47	205	158	0.00024937296267964584
47	206	159	0.0002501762050040302
47	207	160	0.00025069673649681147
47	208	161	0.00025137072201209036
47	209	162	0.00025233648382546513
47	210	163	0.00025336258161515933
47	211	164	0.00025426618466429927
47	212	165	0.0002551514984797116
47	213	166	0.000256260604560781
47	214	167	0.00025728609257952544
47	215	168	0.0002581960104320462
47	216	169	0.0002591316458772139
47	217	170	0.00025989701421936384
47	218	171	0.00026036878499775926
47	219	172	0.0002609163416029569
47	220	173	0.00026158338380256836
47	221	174	0.00026227912536591077
47	222	175	0.0002630071239709226
47	223	176	0.00026422570539281543
47	224	177	0.0002651742451460402
47	225	178	0.0002661017389856085
47	226	179	0.0002674287979050246
47	227	180	0.0002685997900307424
47	228	181	0.0002695824370287727
47	229	182	0.00027058818653153343
47	230	183	0.0002714283251519214
47	231	184	0.0002728863324926127
47	232	185	0.0002751454954962793
47	233	186	0.0002781443656215475
48	201	153	0.0002460357346263682
48	202	154	0.0002474001161486226
48	203	155	0.00024829559637817687
48	204	156	0.0002490956878417719
48	205	157	0.0002497570747573067
48	206	158	0.0002505629698047716
48	207	159	0.0002510843425975028
48	208	160	0.0002517601179841229
48	209	161	0.0002527294597095557
48	210	162	0.000253759465659161
48	211	163	0.00025466617741385397
48	212	164	0.00025555445050405817
48	213	165	0.00025666783630668344
48	214	166	0.0002576970487608064
48	215	167	0.00025860995440776574
48	216	168	0.0002595486951592992
48	217	169	0.00026031612456097614
48	218	170	0.00026078820510664675
48	219	171	0.00026133651104808014
48	220	172	0.00026200498855440374
48	221	173	0.000262702314723593
48	222	174	0.0002634320651058883
48	223	175	0.000264655181615135
48	224	176	0.0002656066705929672
48	225	177	0.00026653696142910413
48	226	178	0.0002678690306658007
48	227	179	0.0002690441052460712
48	228	180	0.00027002974297622766
48	229	181	0.0002710385778024983
48	230	182	0.00027188085789183917
48	231	183	0.0002733443596292561
48	232	184	0.0002756133114148086
48	233	185	0.0002786258629141673
49	201	152	0.00024628699242959734
49	202	153	0.00024765864927027675
49	203	154	0.00024855826552001213
49	204	155	0.0002493618242243927
49	205	156	0.0002500257447971898
49	206	157	0.00025083506165998965
49	207	158	0.00025135801218017346
49	208	159	0.000252036316534114
49	209	160	0.0002530099904043933
49	210	161	0.0002540446514798046
49	211	162	0.0002549551998143374
49	212	163	0.00025584714928914107
49	213	164	0.0002569655392808977
49	214	165	0.00025799918512580804
49	215	166	0.00025891577010579117
49	216	167	0.00025985830082770494
49	217	168	0.00026062845537065134
49	218	169	0.000261101481181032
49	219	170	0.00026165116965109504
49	220	171	0.0002623217162738123
49	221	172	0.00026302125522468633
49	222	173	0.00026375338023057243
49	223	174	0.0002649816795063971
49	224	175	0.0002659367398618668
49	225	176	0.00026687044104781757
49	226	177	0.00026820815203376826
49	227	178	0.0002693879229804
49	228	179	0.0002703771462971253
49	229	180	0.0002713896557428703
49	230	181	0.0002722346496562386
49	231	182	0.00027370424870119955
49	232	183	0.00027598363252343846
49	233	184	0.0002790105439705729
